{
	"credit": "Made with Blockbench",
	"textures": {
		"0": "create:item/wrench",
		"particle": "create:item/wrench"
	},
	"elements": [
		{
			"from": [9.5, 10, 7],
			"to": [11.5, 11, 9],
			"rotation": {"angle": 0, "axis": "y", "origin": [2.5, 2, 0]},
			"faces": {
				"north": {"uv": [0, 2, 2, 3], "texture": "#0"},
				"east": {"uv": [0, 2, 2, 3], "texture": "#0"},
				"south": {"uv": [0, 2, 2, 3], "texture": "#0"},
				"west": {"uv": [0, 2, 2, 3], "texture": "#0"},
				"up": {"uv": [0, 6, 2, 8], "texture": "#0"},
				"down": {"uv": [0, 14, 2, 16], "texture": "#0"}
			}
		},
		{
			"from": [9.5, -2, 7],
			"to": [11.5, 7, 9],
			"rotation": {"angle": 0, "axis": "y", "origin": [2.5, -2, 0]},
			"faces": {
				"north": {"uv": [0, 6, 2, 15], "texture": "#0"},
				"east": {"uv": [0, 6, 2, 15], "texture": "#0"},
				"south": {"uv": [0, 6, 2, 15], "texture": "#0"},
				"west": {"uv": [0, 6, 2, 15], "texture": "#0"},
				"up": {"uv": [0, 6, 2, 8], "texture": "#0"},
				"down": {"uv": [0, 14, 2, 16], "texture": "#0"}
			}
		},
		{
			"from": [9.5, 8, 6],
			"to": [14.5, 10, 10],
			"rotation": {"angle": 0, "axis": "y", "origin": [2.5, -2, 0]},
			"faces": {
				"north": {"uv": [5, 2, 10, 4], "texture": "#0"},
				"east": {"uv": [10, 2, 14, 4], "texture": "#0"},
				"south": {"uv": [10, 2, 5, 4], "texture": "#0"},
				"west": {"uv": [7, 8, 11, 10], "texture": "#0"},
				"up": {"uv": [7, 12, 2, 16], "texture": "#0"},
				"down": {"uv": [7, 8, 2, 12], "texture": "#0"}
			}
		},
		{
			"from": [7.5, 11, 6],
			"to": [15.5, 13, 10],
			"rotation": {"angle": 0, "axis": "y", "origin": [2.5, -2, 0]},
			"faces": {
				"north": {"uv": [0, 0, 8, 2], "texture": "#0"},
				"east": {"uv": [8, 0, 12, 2], "texture": "#0"},
				"south": {"uv": [8, 0, 0, 2], "texture": "#0"},
				"west": {"uv": [12, 0, 16, 2], "texture": "#0"},
				"up": {"uv": [13, 4, 5, 8], "texture": "#0"},
				"down": {"uv": [13, 4, 5, 8], "texture": "#0"}
			}
		},
		{
			"from": [7.5, 8, 7],
			"to": [9.5, 11, 9],
			"rotation": {"angle": 0, "axis": "y", "origin": [2.5, -2, 0]},
			"faces": {
				"north": {"uv": [3, 2, 5, 5], "texture": "#0"},
				"east": {"uv": [3, 2, 5, 5], "texture": "#0"},
				"south": {"uv": [3, 2, 5, 5], "texture": "#0"},
				"west": {"uv": [3, 2, 5, 5], "texture": "#0"},
				"up": {"uv": [3, 2, 5, 4], "texture": "#0"},
				"down": {"uv": [3, 4, 5, 6], "texture": "#0"}
			}
		},
		{
			"from": [8.5, 4, 7.5],
			"to": [9.5, 8, 8.5],
			"rotation": {"angle": 0, "axis": "y", "origin": [2.5, -2, 0]},
			"faces": {
				"north": {"uv": [2, 2, 3, 6], "texture": "#0"},
				"east": {"uv": [2, 2, 3, 6], "texture": "#0"},
				"south": {"uv": [2, 2, 3, 6], "texture": "#0"},
				"west": {"uv": [2, 2, 3, 6], "texture": "#0"},
				"up": {"uv": [2, 5, 3, 6], "texture": "#0"},
				"down": {"uv": [2, 5, 3, 6], "texture": "#0"}
			}
		}
	],
	"display": {
		"thirdperson_righthand": {
			"rotation": [0, 90, 0],
			"translation": [0, 5, 3.75]
		},
		"thirdperson_lefthand": {
			"rotation": [0, -90, 0],
			"translation": [0, 5, 3.75]
		},
		"firstperson_righthand": {
			"rotation": [4, 90, 1],
			"translation": [0, 3.25, 1.25],
			"scale": [0.69, 0.69, 0.69]
		},
		"firstperson_lefthand": {
			"rotation": [4, -90, 1],
			"translation": [0, 3.25, 1.25],
			"scale": [0.69, 0.69, 0.69]
		},
		"ground": {
			"rotation": [90, 0, 0],
			"translation": [-1.5, 2, 0],
			"scale": [0.5, 0.5, 0.5]
		},
		"gui": {
			"rotation": [16, -160, 40],
			"translation": [2.25, 0, 0],
			"scale": [0.84, 0.84, 0.84]
		},
		"fixed": {
			"translation": [-2.5, 2.5, 0]
		}
	}
}