{
	"ambientocclusion": false,
	"textures": {
		"particle": "block/flower_pot",
		"flowerpot": "block/flower_pot"
	},
	"elements": [
		{
			"from": [5, 0, 5],
			"to": [6, 6, 11],
			"faces": {
				"north": {"uv": [5, 0, 6, 6], "texture": "#flowerpot"},
				"east": {"uv": [0, 0, 6, 6], "texture": "#flowerpot"},
				"south": {"uv": [0, 0, 1, 6], "texture": "#flowerpot"},
				"west": {"uv": [0, 0, 6, 6], "texture": "#flowerpot"},
				"up": {"uv": [11, 0, 12, 6], "texture": "#flowerpot"},
				"down": {"uv": [5, 5, 6, 11], "texture": "#flowerpot", "cullface": "down"}
			}
		},
		{
			"from": [10, 0, 5],
			"to": [11, 6, 11],
			"faces": {
				"north": {"uv": [0, 0, 1, 6], "texture": "#flowerpot"},
				"east": {"uv": [0, 0, 6, 6], "texture": "#flowerpot"},
				"south": {"uv": [5, 0, 6, 6], "texture": "#flowerpot"},
				"west": {"uv": [0, 0, 6, 6], "texture": "#flowerpot"},
				"up": {"uv": [6, 0, 7, 6], "texture": "#flowerpot"},
				"down": {"uv": [5, 6, 6, 12], "texture": "#flowerpot", "cullface": "down"}
			}
		},
		{
			"from": [6, 0, 5],
			"to": [10, 6, 6],
			"faces": {
				"north": {"uv": [1, 0, 5, 6], "texture": "#flowerpot"},
				"south": {"uv": [1, 0, 5, 6], "texture": "#flowerpot"},
				"up": {"uv": [7, 5, 11, 6], "texture": "#flowerpot"},
				"down": {"uv": [1, 6, 5, 7], "texture": "#flowerpot", "cullface": "down"}
			}
		},
		{
			"from": [6, 0, 10],
			"to": [10, 6, 11],
			"faces": {
				"north": {"uv": [1, 0, 5, 6], "texture": "#flowerpot"},
				"south": {"uv": [1, 0, 5, 6], "texture": "#flowerpot"},
				"up": {"uv": [7, 0, 11, 1], "texture": "#flowerpot"},
				"down": {"uv": [1, 11, 5, 12], "texture": "#flowerpot", "cullface": "down"}
			}
		},
		{
			"from": [6, 0, 6],
			"to": [10, 1, 10],
			"faces": {
				"up": {"uv": [7, 1, 11, 5], "texture": "#flowerpot"},
				"down": {"uv": [1, 7, 5, 11], "texture": "#flowerpot", "cullface": "down"}
			}
		}
	]
}