{
"ambientocclusion": false,
"textures": {
	"particle": "block/pitcher_plant_bottom",
	"top": "block/pitcher_plant_pod_top"
},
"elements": [
	{
		"from": [0.8, 0, 8],
		"to": [15.2, 16, 8],
		"shade": false,
		"rotation": {"angle": 45, "axis": "y", "origin": [8, 8, 8], "rescale": true},
		"faces": {
			"north": {"uv": [0, 0, 16, 16], "texture": "#particle"},
			"south": {"uv": [0, 0, 16, 16], "texture": "#particle"}
		}
	},
	{
		"from": [8, 0, 0.8],
		"to": [8, 16, 15.2],
		"shade": false,
		"rotation": {"angle": 45, "axis": "y", "origin": [8, 8, 8], "rescale": true},
		"faces": {
			"east": {"uv": [0, 0, 16, 16], "texture": "#particle"},
			"west": {"uv": [0, 0, 16, 16], "texture": "#particle"}
		}
	},
	{
		"from": [3, 0, 3],
		"to": [13, 3, 13],
		"color": 3,
		"faces": {
			"north": {"uv": [3, 13, 13, 16], "texture": "#particle"},
			"east": {"uv": [3, 13, 13, 16], "texture": "#particle"},
			"south": {"uv": [3, 13, 13, 16], "texture": "#particle"},
			"west": {"uv": [3, 13, 13, 16], "texture": "#particle"},
			"up": {"uv": [3, 3, 13, 13], "texture": "#top"}
		}
	}
]
}