{
	"parent": "block/block",
	"textures": {
		"0": "create:block/nixie_tube",
		"particle": "create:block/nixie_tube"
	},
	"elements": [
		{
			"name": "connector4",
			"from": [9, 0, 5],
			"to": [15, 3, 11],
			"rotation": {"angle": 0, "axis": "y", "origin": [8, 8, 8]},
			"faces": {
				"north": {"uv": [0, 13, 6, 16], "texture": "#0"},
				"east": {"uv": [0, 13, 6, 16], "texture": "#0"},
				"south": {"uv": [0, 13, 6, 16], "texture": "#0"},
				"west": {"uv": [0, 13, 6, 16], "texture": "#0"},
				"up": {"uv": [6, 10, 12, 16], "rotation": 180, "texture": "#0"},
				"down": {"uv": [6, 10, 12, 16], "rotation": 180, "texture": "#0"}
			}
		},
		{
			"name": "connector5",
			"from": [1, 0, 5],
			"to": [7, 3, 11],
			"rotation": {"angle": 0, "axis": "y", "origin": [8, 8, 8]},
			"faces": {
				"north": {"uv": [0, 13, 6, 16], "texture": "#0"},
				"east": {"uv": [0, 13, 6, 16], "texture": "#0"},
				"south": {"uv": [0, 13, 6, 16], "texture": "#0"},
				"west": {"uv": [0, 13, 6, 16], "texture": "#0"},
				"up": {"uv": [6, 10, 12, 16], "rotation": 180, "texture": "#0"},
				"down": {"uv": [6, 10, 12, 16], "rotation": 180, "texture": "#0"}
			}
		},
		{
			"name": "tube5",
			"from": [9, 3, 5],
			"to": [15, 12, 11],
			"rotation": {"angle": 0, "axis": "z", "origin": [8, 8, 8]},
			"faces": {
				"north": {"uv": [0, 4, 6, 13], "texture": "#0"},
				"east": {"uv": [0, 4, 6, 13], "texture": "#0"},
				"south": {"uv": [0, 4, 6, 13], "texture": "#0"},
				"west": {"uv": [0, 4, 6, 13], "texture": "#0"},
				"up": {"uv": [6, 4, 12, 10], "rotation": 90, "texture": "#0"}
			}
		},
		{
			"name": "tube6",
			"from": [1, 3, 5],
			"to": [7, 12, 11],
			"rotation": {"angle": 0, "axis": "z", "origin": [8, 8, 8]},
			"faces": {
				"north": {"uv": [0, 4, 6, 13], "texture": "#0"},
				"east": {"uv": [0, 4, 6, 13], "texture": "#0"},
				"south": {"uv": [0, 4, 6, 13], "texture": "#0"},
				"west": {"uv": [0, 4, 6, 13], "texture": "#0"},
				"up": {"uv": [6, 4, 12, 10], "rotation": 90, "texture": "#0"}
			}
		}
	],
	"groups": [
		{
			"name": "block",
			"origin": [8, 8, 8],
			"color": 0,
			"children": [
				{
					"name": "group",
					"origin": [17, 14, 13],
					"color": 0,
					"children": []
				},
				{
					"name": "group",
					"origin": [17, 14, 13],
					"color": 0,
					"children": [0, 1, 2, 3]
				}
			]
		}
	]
}