{
	"credit": "Made by Frenderman",
	"parent": "minecraft:block/block",
	"render_type": "minecraft:cutout",
	"textures": {
		"bottom": "another_furniture:block/chair/bottom/oak",
		"particle": "another_furniture:block/chair/seat/oak",
		"seat": "another_furniture:block/chair/seat/oak",
		"back": "another_furniture:block/chair/back_1/oak"
	},
	"elements": [
		{
			"from": [2, 0, -7],
			"to": [4, 5, -5],
			"rotation": {"angle": 0, "axis": "y", "origin": [0, 0, -3]},
			"faces": {
				"north": {"uv": [0, 7, 2, 12], "texture": "#bottom"},
				"east": {"uv": [14, 7, 16, 12], "texture": "#bottom"},
				"south": {"uv": [16, 7, 14, 12], "texture": "#bottom"},
				"west": {"uv": [14, 2, 16, 7], "texture": "#bottom"},
				"down": {"uv": [14, 0, 16, 2], "texture": "#bottom", "cullface": "down"}
			}
		},
		{
			"from": [12, 0, 3],
			"to": [14, 5, 5],
			"rotation": {"angle": 0, "axis": "y", "origin": [0, 0, -3]},
			"faces": {
				"north": {"uv": [0, 7, 2, 12], "texture": "#bottom"},
				"east": {"uv": [14, 7, 16, 12], "texture": "#bottom"},
				"south": {"uv": [16, 7, 14, 12], "texture": "#bottom"},
				"west": {"uv": [14, 2, 16, 7], "texture": "#bottom"},
				"down": {"uv": [14, 0, 16, 2], "texture": "#bottom", "cullface": "down"}
			}
		},
		{
			"from": [12, 0, -7],
			"to": [14, 5, -5],
			"rotation": {"angle": 0, "axis": "y", "origin": [0, 0, -3]},
			"faces": {
				"north": {"uv": [2, 7, 0, 12], "texture": "#bottom"},
				"east": {"uv": [0, 2, 2, 7], "texture": "#bottom"},
				"south": {"uv": [14, 7, 16, 12], "texture": "#bottom"},
				"west": {"uv": [16, 7, 14, 12], "texture": "#bottom"},
				"down": {"uv": [14, 0, 16, 2], "texture": "#bottom", "cullface": "down"}
			}
		},
		{
			"from": [2, 0, 3],
			"to": [4, 5, 5],
			"rotation": {"angle": 0, "axis": "y", "origin": [0, 0, 7]},
			"faces": {
				"north": {"uv": [2, 7, 0, 12], "texture": "#bottom"},
				"east": {"uv": [0, 2, 2, 7], "texture": "#bottom"},
				"south": {"uv": [14, 7, 16, 12], "texture": "#bottom"},
				"west": {"uv": [16, 7, 14, 12], "texture": "#bottom"},
				"down": {"uv": [14, 0, 16, 2], "texture": "#bottom", "cullface": "down"}
			}
		},
		{
			"from": [2, 5, -7],
			"to": [14, 7, 5],
			"rotation": {"angle": 0, "axis": "y", "origin": [0, -3, 7]},
			"faces": {
				"north": {"uv": [2, 14, 14, 16], "texture": "#seat"},
				"east": {"uv": [0, 2, 2, 14], "rotation": 270, "texture": "#seat"},
				"south": {"uv": [2, 0, 14, 2], "texture": "#seat"},
				"west": {"uv": [16, 14, 14, 2], "rotation": 270, "texture": "#seat"},
				"up": {"uv": [2, 2, 14, 14], "rotation": 180, "texture": "#seat"},
				"down": {"uv": [2, 2, 14, 14], "texture": "#bottom"}
			}
		},
		{
			"from": [13, 2, -6],
			"to": [3, 4, 4],
			"rotation": {"angle": 0, "axis": "y", "origin": [0, 0, 7]},
			"faces": {
				"north": {"uv": [3, 0, 13, 2], "texture": "#bottom"},
				"east": {"uv": [3, 0, 13, 2], "texture": "#bottom"},
				"south": {"uv": [3, 0, 13, 2], "texture": "#bottom"},
				"west": {"uv": [3, 0, 13, 2], "texture": "#bottom"}
			}
		},
		{
			"from": [3, 2, -6],
			"to": [13, 4, 4],
			"rotation": {"angle": 0, "axis": "y", "origin": [0, 0, 7]},
			"faces": {
				"north": {"uv": [3, 0, 13, 2], "texture": "#bottom"},
				"east": {"uv": [3, 0, 13, 2], "texture": "#bottom"},
				"south": {"uv": [3, 0, 13, 2], "texture": "#bottom"},
				"west": {"uv": [3, 0, 13, 2], "texture": "#bottom"}
			}
		},
		{
			"from": [4, 7, 4],
			"to": [12, 16, 4],
			"rotation": {"angle": 0, "axis": "y", "origin": [8, 11.5, 4]},
			"faces": {
				"north": {"uv": [0, 0, 8, 9], "texture": "#back"},
				"south": {"uv": [8, 0, 0, 9], "texture": "#back"}
			}
		},
		{
			"from": [12, 7, 3],
			"to": [14, 16, 5],
			"rotation": {"angle": 0, "axis": "y", "origin": [0.5, -1, 6.5]},
			"faces": {
				"north": {"uv": [12, 0, 10, 9], "texture": "#back"},
				"east": {"uv": [10, 0, 8, 9], "texture": "#back"},
				"south": {"uv": [16, 0, 14, 9], "texture": "#back"},
				"west": {"uv": [14, 0, 12, 9], "texture": "#back"},
				"up": {"uv": [8, 9, 10, 11], "texture": "#back", "cullface": "up"}
			}
		},
		{
			"from": [2, 7, 3],
			"to": [4, 16, 5],
			"rotation": {"angle": 0, "axis": "y", "origin": [0.5, -1, 6.5]},
			"faces": {
				"north": {"uv": [10, 0, 12, 9], "texture": "#back"},
				"east": {"uv": [8, 0, 10, 9], "texture": "#back"},
				"south": {"uv": [14, 0, 16, 9], "texture": "#back"},
				"west": {"uv": [12, 0, 14, 9], "texture": "#back"},
				"up": {"uv": [10, 9, 8, 11], "texture": "#back", "cullface": "up"}
			}
		}
	]
}