{
	"credit": "Made by Frenderman",
	"parent": "minecraft:block/block",
	"textures": {
		"bottom": "another_furniture:block/shelf/oak_bottom_mid",
		"top": "another_furniture:block/shelf/oak_top_mid",
		"sides": "another_furniture:block/shelf/oak_sides",
		"particle": "another_furniture:block/shelf/oak_bottom_mid"
	},
	"elements": [
		{
			"from": [0, 14, 0],
			"to": [16, 16, 16],
			"faces": {
				"north": {"uv": [0, 2, 16, 4], "texture": "#sides", "cullface": "north"},
				"east": {"uv": [0, 0, 16, 2], "texture": "#sides", "cullface": "east"},
				"south": {"uv": [0, 4, 16, 6], "texture": "#sides", "cullface": "south"},
				"west": {"uv": [0, 6, 16, 8], "texture": "#sides", "cullface": "west"},
				"up": {"uv": [0, 0, 16, 16], "rotation": 180, "texture": "#top", "cullface": "up"},
				"down": {"uv": [16, 0, 0, 16], "texture": "#bottom"}
			}
		}
	]
}