{
	"credit": "Made by Frenderman",
	"parent": "minecraft:block/block",
	"textures": {
		"particle": "another_furniture:block/shelf/oak_bottom_left",
		"bottom": "another_furniture:block/shelf/oak_bottom_left",
		"top": "another_furniture:block/shelf/oak_top_left",
		"sides": "another_furniture:block/shelf/oak_sides",
		"supports": "another_furniture:block/shelf/oak_supports"
	},
	"elements": [
		{
			"from": [0, 14, 0],
			"to": [16, 16, 16],
			"faces": {
				"north": {"uv": [0, 2, 16, 4], "texture": "#sides", "cullface": "north"},
				"east": {"uv": [0, 0, 16, 2], "texture": "#sides", "cullface": "east"},
				"south": {"uv": [0, 4, 16, 6], "texture": "#sides", "cullface": "south"},
				"west": {"uv": [0, 6, 16, 8], "texture": "#sides", "cullface": "west"},
				"up": {"uv": [0, 0, 16, 16], "rotation": 180, "texture": "#top", "cullface": "up"},
				"down": {"uv": [16, 0, 0, 16], "texture": "#bottom"}
			}
		},
		{
			"from": [12, 6, 14],
			"to": [16, 14, 16],
			"rotation": {"angle": 0, "axis": "y", "origin": [0, -2, 0]},
			"faces": {
				"north": {"uv": [14, 0, 10, 8], "texture": "#supports"},
				"east": {"uv": [10, 0, 8, 8], "texture": "#supports", "cullface": "east"},
				"south": {"uv": [14, 8, 10, 16], "texture": "#supports", "cullface": "south"},
				"west": {"uv": [10, 8, 8, 16], "texture": "#supports"},
				"down": {"uv": [8, 14, 4, 16], "texture": "#supports"}
			}
		},
		{
			"from": [13, 3.8, 10.5],
			"to": [15, 14.8, 12.5],
			"rotation": {"angle": -45, "axis": "x", "origin": [2, 9.8, 9]},
			"faces": {
				"north": {"uv": [2, 0, 4, 11], "texture": "#supports"},
				"east": {"uv": [0, 0, 2, 11], "texture": "#supports"},
				"south": {"uv": [8, 0, 6, 11], "texture": "#supports"},
				"west": {"uv": [6, 0, 4, 11], "texture": "#supports"}
			}
		}
	]
}