{
	"credit": "Made by Frenderman",
	"parent": "minecraft:block/block",
	"textures": {
		"legs": "another_furniture:block/stool/legs",
		"side": "another_furniture:block/stool/white_side",
		"particle": "another_furniture:block/stool/bottom",
		"top": "another_furniture:block/stool/white_top",
		"bottom": "another_furniture:block/stool/bottom"
	},
	"elements": [
		{
			"from": [0, 2, 0],
			"to": [16, 8, 16],
			"rotation": {"angle": 0, "axis": "y", "origin": [0, -3, 15]},
			"faces": {
				"north": {"uv": [0, 1, 16, 7], "texture": "#side", "cullface": "north"},
				"east": {"uv": [0, 1, 16, 7], "texture": "#side", "cullface": "east"},
				"south": {"uv": [0, 1, 16, 7], "texture": "#side", "cullface": "south"},
				"west": {"uv": [0, 1, 16, 7], "texture": "#side", "cullface": "west"},
				"up": {"uv": [0, 0, 16, 16], "texture": "#top"},
				"down": {"uv": [0, 0, 16, 16], "texture": "#bottom"}
			}
		},
		{
			"from": [14, 0, 0],
			"to": [16, 2, 2],
			"rotation": {"angle": 0, "axis": "y", "origin": [16, 0, 6]},
			"faces": {
				"north": {"uv": [2, 3, 4, 5], "texture": "#legs", "cullface": "north"},
				"east": {"uv": [4, 3, 2, 5], "texture": "#legs", "cullface": "east"},
				"south": {"uv": [4, 3, 6, 5], "texture": "#legs"},
				"west": {"uv": [6, 3, 4, 5], "texture": "#legs"},
				"down": {"uv": [4, 0, 6, 2], "texture": "#legs", "cullface": "down"}
			}
		},
		{
			"from": [14, 0, 14],
			"to": [16, 2, 16],
			"rotation": {"angle": 0, "axis": "y", "origin": [16, 0, 6]},
			"faces": {
				"north": {"uv": [6, 3, 4, 5], "texture": "#legs"},
				"east": {"uv": [2, 3, 4, 5], "texture": "#legs", "cullface": "east"},
				"south": {"uv": [4, 3, 2, 5], "texture": "#legs", "cullface": "south"},
				"west": {"uv": [4, 3, 6, 5], "texture": "#legs"},
				"down": {"uv": [4, 0, 6, 2], "texture": "#legs", "cullface": "down"}
			}
		},
		{
			"from": [0, 0, 14],
			"to": [2, 2, 16],
			"rotation": {"angle": 0, "axis": "y", "origin": [16, 0, 6]},
			"faces": {
				"north": {"uv": [4, 3, 6, 5], "texture": "#legs"},
				"east": {"uv": [6, 3, 4, 5], "texture": "#legs"},
				"south": {"uv": [2, 3, 4, 5], "texture": "#legs", "cullface": "south"},
				"west": {"uv": [4, 3, 2, 5], "texture": "#legs", "cullface": "west"},
				"down": {"uv": [4, 0, 6, 2], "texture": "#legs", "cullface": "down"}
			}
		},
		{
			"from": [0, 0, 0],
			"to": [2, 2, 2],
			"rotation": {"angle": 0, "axis": "y", "origin": [16, 0, 6]},
			"faces": {
				"north": {"uv": [4, 3, 2, 5], "texture": "#legs", "cullface": "north"},
				"east": {"uv": [4, 3, 6, 5], "texture": "#legs"},
				"south": {"uv": [6, 3, 4, 5], "texture": "#legs"},
				"west": {"uv": [2, 3, 4, 5], "texture": "#legs", "cullface": "west"},
				"down": {"uv": [4, 0, 6, 2], "texture": "#legs", "cullface": "down"}
			}
		}
	]
}