{
	"block.service_bell.use": {
		"category": "block",
		"sounds": [
			"another_furniture:service_bell"
		],
		"subtitle": "subtitles.block.another_furniture.service_bell.use"
	},
	"block.chair.tuck": {
		"category": "block",
		"sounds": [
			"another_furniture:chair_tuck"
		],
		"subtitle": "subtitles.block.another_furniture.chair.tuck"
	},
	"block.chair.untuck": {
		"category": "block",
		"sounds": [
			"another_furniture:chair_untuck"
		],
		"subtitle": "subtitles.block.another_furniture.chair.untuck"
	},
	"block.curtain.use": {
		"category": "block",
		"sounds": [
			"another_furniture:curtain_1",
			"another_furniture:curtain_2"
		],
		"subtitle": "subtitles.block.another_furniture.curtain.use"
	},
	"item.furniture_hammer.use": {
		"category": "block",
		"sounds": [
			"another_furniture:hammer_hit"
		],
		"subtitle": "subtitles.item.another_furniture.furniture_hammer.use"
	}
}
